id;nome;senha;foto_url;cpf;data_nascimento;criado;email;contato
1;Loan Practical;violet Kids Loan;Balboa;Lead transform hacking;2021-06-16;2021-06-15T19:31:06;Deanna.Schultz56@yahoo.com;indexing
2;Decentralized Integrated;mobile deposit Steel;Versatile Plastic;aggregate Dynamic input;2021-06-15;2021-06-15T11:43:20;Kellie35@hotmail.com;Fundamental Rustic
3;Tasty Lari Books;Accounts hard dot-com;copying;mobile turquoise;2021-06-15;2021-06-15T23:10:36;Kareem_Langworth5@yahoo.com;Account Optimization
4;navigating;Consultant hacking;purple multi-byte;Colorado transform;2021-06-15;2021-06-15T07:24:26;Rhiannon.Koss51@hotmail.com;Handcrafted Gloves
5;Mouse Isle;Idaho;transmitting strategize;Mouse;2021-06-15;2021-06-15T13:37:30;Ettie.Zemlak@gmail.com;Infrastructure Wooden
6;deposit initiatives Customer-focused;Fresh;Steel bricks-and-clicks;schemas Kansas Chair;2021-06-15;2021-06-16T00:44:48;Lucas95@hotmail.com;repurpose
7;Tajikistan Industrial;contingency Personal Hawaii;Hat Group state;Streamlined;2021-06-15;2021-06-15T08:42:57;Emmy_Blick@hotmail.com;Dollar Producer Re-engineered
8;bus SCSI;Rial Nepal;innovative;bus bi-directional Borders;2021-06-15;2021-06-15T16:01:33;Camille43@gmail.com;Ball microchip Accountability
9;tertiary;e-tailers Estonia IB;Valleys efficient;multimedia Chips Integration;2021-06-15;2021-06-15T14:21:14;Harry_Raynor47@yahoo.com;Facilitator Bridge Kids
10;Metal;navigate indexing Ball;Lek Bedfordshire Virtual;sky open-source evolve;2021-06-15;2021-06-15T18:34:22;Giovani67@gmail.com;Investor Product
